date,djct
2000-01-03,4511.09
2000-01-04,4398.27
2000-01-05,4459.33
2000-01-06,4522.44
2000-01-07,4613.65
2000-01-10,4627.6
2000-01-11,4597.7
2000-01-12,4614.65
2000-01-13,4614.28
2000-01-14,4656.76
2000-01-17,4656.76
2000-01-18,4596.4
2000-01-19,4579.36
2000-01-20,4579.36
2000-01-21,4526.51
2000-01-24,4441.79
2000-01-25,4417.41
2000-01-26,4432.4
2000-01-27,4418.02
2000-01-28,4322.16
2000-01-31,4393.1
2000-02-01,4415.75
2000-02-02,4412.24
2000-02-03,4429.3
2000-02-04,4397.21
2000-02-07,4365.48
2000-02-08,4393.84
2000-02-09,4313.87
2000-02-10,4274.41
2000-02-11,4201.32
2000-02-14,4239.42
2000-02-15,4287.22
2000-02-16,4245.47
2000-02-17,4232.51
2000-02-18,4130.69
2000-02-21,4130.69
2000-02-22,4154.24
2000-02-23,4117.72
2000-02-24,4051.49
2000-02-25,3968.74
2000-02-28,4039.85
2000-02-29,4072.22
2000-03-01,4075.53
2000-03-02,4071.34
2000-03-03,4153.61
2000-03-06,4062.28
2000-03-07,3928.72
2000-03-08,3964.14
2000-03-09,3999.89
2000-03-10,3990.23
2000-03-13,4000.86
2000-03-14,3956.01
2000-03-15,4105.7
2000-03-16,4312.96
2000-03-17,4273.84
2000-03-20,4285.41
2000-03-21,4368.97
2000-03-22,4347.21
2000-03-23,4438.81
2000-03-24,4423.72
2000-03-27,4403.33
2000-03-28,4367.33
2000-03-29,4408.63
2000-03-30,4392.88
2000-03-31,4405.48
2000-04-03,4473.69
2000-04-04,4464.9
2000-04-05,4460.34
2000-04-06,4483.06
2000-04-07,4477.96
2000-04-10,4517.56
2000-04-11,4568.23
2000-04-12,4547.67
2000-04-13,4501.49
2000-04-14,4261.31
2000-04-17,4327.32
2000-04-18,4398.58
2000-04-19,4389.47
2000-04-20,4453.0
2000-04-24,4475.14
2000-04-25,4584.81
2000-04-26,4541.26
2000-04-27,4501.51
2000-04-28,4446.01
2000-05-01,4474.38
2000-05-02,4443.19
2000-05-03,4360.77
2000-05-04,4353.18
2000-05-05,4413.75
2000-05-08,4449.38
2000-05-09,4417.68
2000-05-10,4375.57
2000-05-11,4455.12
2000-05-12,4451.86
2000-05-15,4502.12
2000-05-16,4535.98
2000-05-17,4471.64
2000-05-18,4470.05
2000-05-19,4418.32
2000-05-22,4398.25
2000-05-23,4364.08
2000-05-24,4415.55
2000-05-25,4327.29
2000-05-26,4318.08
2000-05-29,4318.08
2000-05-30,4386.6
2000-05-31,4386.39
2000-06-01,4437.74
2000-06-02,4477.75
2000-06-05,4452.36
2000-06-06,4440.47
2000-06-07,4466.82
2000-06-08,4422.01
2000-06-09,4428.9
2000-06-12,4422.59
2000-06-13,4432.34
2000-06-14,4431.89
2000-06-15,4434.39
2000-06-16,4354.62
2000-06-19,4377.89
2000-06-20,4342.66
2000-06-21,4358.65
2000-06-22,4311.25
2000-06-23,4326.25
2000-06-26,4354.17
2000-06-27,4336.64
2000-06-28,4373.15
2000-06-29,4323.98
2000-06-30,4297.18
2000-07-03,4364.07
2000-07-04,4364.07
2000-07-05,4355.43
2000-07-06,4375.6
2000-07-07,4418.23
2000-07-10,4441.96
2000-07-11,4476.23
2000-07-12,4506.34
2000-07-13,4514.39
2000-07-14,4524.77
2000-07-17,4519.09
2000-07-18,4507.28
2000-07-19,4479.57
2000-07-20,4505.17
2000-07-21,4482.29
2000-07-24,4470.53
2000-07-25,4475.05
2000-07-26,4412.38
2000-07-27,4443.4
2000-07-28,4410.48
2000-07-31,4432.88
2000-08-01,4482.1
2000-08-02,4518.34
2000-08-03,4540.96
2000-08-04,4564.34
2000-08-07,4611.4
2000-08-08,4648.01
2000-08-09,4609.72
2000-08-10,4609.26
2000-08-11,4668.61
2000-08-14,4716.99
2000-08-15,4680.8
2000-08-16,4661.65
2000-08-17,4672.36
2000-08-18,4666.14
2000-08-21,4665.86
2000-08-22,4682.24
2000-08-23,4670.09
2000-08-24,4667.85
2000-08-25,4676.74
2000-08-28,4705.55
2000-08-29,4680.38
2000-08-30,4647.59
2000-08-31,4685.12
2000-09-01,4691.2
2000-09-04,4691.2
2000-09-05,4717.35
2000-09-06,4753.12
2000-09-07,4739.3
2000-09-08,4754.1
2000-09-11,4761.03
2000-09-12,4767.71
2000-09-13,4767.05
2000-09-14,4727.66
2000-09-15,4693.09
2000-09-18,4640.73
2000-09-19,4586.17
2000-09-20,4532.9
2000-09-21,4542.92
2000-09-22,4590.87
2000-09-25,4574.84
2000-09-26,4548.28
2000-09-27,4554.6
2000-09-28,4636.58
2000-09-29,4582.41
2000-10-02,4586.03
2000-10-03,4579.24
2000-10-04,4584.32
2000-10-05,4553.29
2000-10-06,4523.55
2000-10-09,4506.91
2000-10-10,4512.8
2000-10-11,4473.2
2000-10-12,4344.71
2000-10-13,4413.69
2000-10-16,4442.7
2000-10-17,4394.15
2000-10-18,4339.27
2000-10-19,4411.37
2000-10-20,4431.91
2000-10-23,4440.02
2000-10-24,4473.11
2000-10-25,4425.7
2000-10-26,4440.49
2000-10-27,4527.76
2000-10-30,4667.12
2000-10-31,4723.18
2000-11-01,4727.1
2000-11-02,4717.44
2000-11-03,4674.64
2000-11-06,4731.26
2000-11-07,4718.2
2000-11-08,4712.47
2000-11-09,4692.75
2000-11-10,4627.27
2000-11-13,4619.12
2000-11-14,4655.29
2000-11-15,4681.5
2000-11-16,4674.67
2000-11-17,4689.73
2000-11-20,4637.94
2000-11-21,4646.76
2000-11-22,4602.53
2000-11-23,4639.23
2000-11-24,4638.2
2000-11-27,4646.58
2000-11-28,4637.41
2000-11-29,4661.05
2000-11-30,4583.26
2000-12-01,4567.25
2000-12-04,4623.36
2000-12-05,4727.37
2000-12-06,4654.38
2000-12-07,4640.51
2000-12-08,4693.28
2000-12-11,4717.27
2000-12-12,4723.24
2000-12-13,4716.34
2000-12-14,4639.21
2000-12-15,4568.07
2000-12-18,4655.23
2000-12-19,4654.89
2000-12-20,4589.15
2000-12-21,4635.42
2000-12-22,4712.15
2000-12-26,4759.31
2000-12-27,4805.74
2000-12-28,4816.62
2000-12-29,4807.45
2001-01-02,4710.69
2001-01-03,4765.61
2001-01-04,4739.08
2001-01-05,4666.38
2001-01-08,4687.46
2001-01-09,4635.59
2001-01-10,4634.3
2001-01-11,4592.31
2001-01-12,4576.05
2001-01-15,4576.05
2001-01-16,4611.51
2001-01-17,4604.58
2001-01-18,4637.49
2001-01-19,4592.09
2001-01-22,4614.07
2001-01-23,4656.99
2001-01-24,4651.1
2001-01-25,4709.1
2001-01-26,4679.42
2001-01-29,4712.02
2001-01-30,4765.05
2001-01-31,4779.71
2001-02-01,4803.6
2001-02-02,4768.64
2001-02-05,4799.44
2001-02-06,4792.01
2001-02-07,4796.08
2001-02-08,4792.71
2001-02-09,4780.45
2001-02-12,4821.99
2001-02-13,4815.19
2001-02-14,4771.92
2001-02-15,4803.44
2001-02-16,4774.04
2001-02-19,4774.04
2001-02-20,4756.35
2001-02-21,4691.42
2001-02-22,4686.53
2001-02-23,4648.93
2001-02-26,4721.96
2001-02-27,4722.21
2001-02-28,4669.04
2001-03-01,4641.89
2001-03-02,4668.61
2001-03-05,4706.1
2001-03-06,4723.96
2001-03-07,4768.5
2001-03-08,4816.02
2001-03-09,4723.94
2001-03-12,4560.39
2001-03-13,4536.36
2001-03-14,4406.64
2001-03-15,4453.52
2001-03-16,4357.98
2001-03-19,4407.33
2001-03-20,4345.48
2001-03-21,4272.55
2001-03-22,4195.87
2001-03-23,4236.87
2001-03-26,4353.84
2001-03-27,4465.16
2001-03-28,4405.73
2001-03-29,4406.15
2001-03-30,4454.6
2001-04-02,4425.69
2001-04-03,4328.0
2001-04-04,4330.13
2001-04-05,4449.43
2001-04-06,4360.34
2001-04-09,4408.73
2001-04-10,4533.3
2001-04-11,4494.82
2001-04-12,4523.38
2001-04-13,4523.38
2001-04-16,4533.11
2001-04-17,4575.55
2001-04-18,4708.18
2001-04-19,4721.81
2001-04-20,4676.84
2001-04-23,4661.49
2001-04-24,4636.03
2001-04-25,4678.64
2001-04-26,4726.14
2001-04-27,4763.84
2001-04-30,4733.24
2001-05-01,4766.74
2001-05-02,4756.55
2001-05-03,4716.22
2001-05-04,4781.42
2001-05-07,4761.27
2001-05-08,4740.67
2001-05-09,4751.43
2001-05-10,4774.2
2001-05-11,4753.68
2001-05-14,4779.44
2001-05-15,4766.09
2001-05-16,4875.3
2001-05-17,4895.36
2001-05-18,4926.57
2001-05-21,4952.08
2001-05-22,4927.64
2001-05-23,4892.04
2001-05-24,4888.5
2001-05-25,4831.1
2001-05-28,4831.1
2001-05-29,4831.04
2001-05-30,4785.7
2001-05-31,4823.94
2001-06-01,4814.07
2001-06-04,4831.12
2001-06-05,4850.86
2001-06-06,4795.54
2001-06-07,4798.77
2001-06-08,4768.07
2001-06-11,4749.8
2001-06-12,4745.47
2001-06-13,4693.23
2001-06-14,4597.99
2001-06-15,4590.38
2001-06-18,4592.93
2001-06-19,4579.12
2001-06-20,4587.3
2001-06-21,4590.01
2001-06-22,4560.53
2001-06-25,4514.17
2001-06-26,4509.39
2001-06-27,4532.38
2001-06-28,4590.25
2001-06-29,4597.13
2001-07-02,4618.29
2001-07-03,4613.62
2001-07-05,4604.87
2001-07-06,4530.92
2001-07-09,4559.2
2001-07-10,4531.39
2001-07-11,4546.94
2001-07-12,4625.72
2001-07-13,4650.32
2001-07-16,4644.64
2001-07-17,4692.75
2001-07-18,4666.44
2001-07-19,4677.86
2001-07-20,4641.77
2001-07-23,4572.98
2001-07-24,4459.61
2001-07-25,4536.11
2001-07-26,4591.04
2001-07-27,4574.59
2001-07-30,4581.26
2001-07-31,4604.63
2001-08-01,4619.87
2001-08-02,4647.19
2001-08-03,4629.25
2001-08-06,4573.4
2001-08-07,4597.26
2001-08-08,4520.82
2001-08-09,4512.82
2001-08-10,4556.08
2001-08-13,4538.19
2001-08-14,4548.7
2001-08-15,4514.79
2001-08-16,4539.87
2001-08-17,4483.83
2001-08-20,4514.74
2001-08-21,4455.14
2001-08-22,4496.73
2001-08-23,4487.25
2001-08-24,4561.58
2001-08-27,4551.6
2001-08-28,4513.8
2001-08-29,4473.83
2001-08-30,4407.32
2001-08-31,4417.81
2001-09-04,4442.38
2001-09-05,4440.31
2001-09-06,4379.62
2001-09-07,4290.6
2001-09-10,4271.76
2001-09-11,4271.52
2001-09-12,4271.52
2001-09-14,4271.52
2001-09-17,3939.27
2001-09-18,3907.96
2001-09-19,3836.36
2001-09-20,3700.4
2001-09-21,3658.53
2001-09-24,3770.84
2001-09-25,3763.57
2001-09-26,3699.01
2001-09-27,3713.37
2001-09-28,3820.86
2001-10-01,3807.29
2001-10-02,3860.15
2001-10-03,3949.44
2001-10-04,3931.26
2001-10-05,3952.77
2001-10-08,3924.69
2001-10-09,3886.77
2001-10-10,3973.46
2001-10-11,4046.6
2001-10-12,4000.34
2001-10-15,4004.62
2001-10-16,4039.17
2001-10-17,3967.66
2001-10-18,3920.73
2001-10-19,3928.66
2001-10-22,3972.87
2001-10-23,3963.63
2001-10-24,3930.78
2001-10-25,3983.58
2001-10-26,4002.48
2001-10-29,3922.2
2001-10-30,3865.67
2001-10-31,3861.83
2001-11-01,3923.54
2001-11-02,3928.25
2001-11-05,3993.35
2001-11-06,4032.98
2001-11-07,4023.01
2001-11-08,4047.37
2001-11-09,4057.61
2001-11-12,4023.76
2001-11-13,4104.75
2001-11-14,4125.12
2001-11-15,4148.09
2001-11-16,4167.14
2001-11-19,4199.59
2001-11-20,4176.98
2001-11-21,4144.17
2001-11-23,4200.45
2001-11-26,4197.65
2001-11-27,4167.56
2001-11-28,4085.85
2001-11-29,4128.39
2001-11-30,4143.8
2001-12-03,4109.24
2001-12-04,4171.65
2001-12-05,4260.33
2001-12-06,4246.11
2001-12-07,4250.66
2001-12-10,4197.22
2001-12-11,4165.12
2001-12-12,4172.38
2001-12-13,4137.18
2001-12-14,4152.58
2001-12-17,4178.9
2001-12-18,4231.76
2001-12-19,4271.65
2001-12-20,4229.29
2001-12-21,4238.6
2001-12-24,4244.95
2001-12-26,4275.53
2001-12-27,4298.06
2001-12-28,4306.35
2001-12-31,4275.04
2002-01-02,4292.78
2002-01-03,4350.55
2002-01-04,4402.3
2002-01-07,4389.89
2002-01-08,4367.66
2002-01-09,4335.36
2002-01-10,4329.35
2002-01-11,4281.79
2002-01-14,4251.61
2002-01-15,4270.95
2002-01-16,4198.69
2002-01-17,4235.0
2002-01-18,4213.75
2002-01-22,4186.91
2002-01-23,4227.98
2002-01-24,4245.33
2002-01-25,4267.98
2002-01-28,4281.64
2002-01-29,4175.54
2002-01-30,4219.86
2002-01-31,4285.06
2002-02-01,4275.11
2002-02-04,4194.6
2002-02-05,4181.79
2002-02-06,4136.97
2002-02-07,4126.31
2002-02-08,4174.11
2002-02-11,4239.34
2002-02-12,4242.13
2002-02-13,4275.0
2002-02-14,4265.0
2002-02-15,4231.36
2002-02-19,4175.37
2002-02-20,4234.42
2002-02-21,4209.72
2002-02-22,4254.83
2002-02-25,4315.21
2002-02-26,4325.68
2002-02-27,4353.67
2002-02-28,4330.45
2002-03-01,4439.18
2002-03-04,4561.36
2002-03-05,4511.27
2002-03-06,4576.22
2002-03-07,4571.4
2002-03-08,4577.25
2002-03-11,4594.43
2002-03-12,4582.15
2002-03-13,4526.92
2002-03-14,4532.96
2002-03-15,4558.37
2002-03-18,4557.27
2002-03-19,4567.52
2002-03-20,4517.42
2002-03-21,4519.76
2002-03-22,4514.17
2002-03-25,4453.44
2002-03-26,4487.3
2002-03-27,4525.86
2002-03-28,4525.36
2002-04-01,4492.91
2002-04-02,4456.73
2002-04-03,4409.57
2002-04-04,4436.28
2002-04-05,4438.76
2002-04-08,4426.68
2002-04-09,4415.96
2002-04-10,4498.79
2002-04-11,4415.61
2002-04-12,4449.19
2002-04-15,4386.46
2002-04-16,4478.1
2002-04-17,4457.43
2002-04-18,4441.22
2002-04-19,4457.4
2002-04-22,4401.55
2002-04-23,4386.66
2002-04-24,4362.09
2002-04-25,4369.09
2002-04-26,4327.96
2002-04-29,4294.65
2002-04-30,4339.36
2002-05-01,4381.12
2002-05-02,4393.54
2002-05-03,4373.46
2002-05-06,4310.47
2002-05-07,4302.73
2002-05-08,4410.4
2002-05-09,4358.31
2002-05-10,4299.82
2002-05-13,4361.0
2002-05-14,4433.94
2002-05-15,4420.45
2002-05-16,4398.44
2002-05-17,4415.56
2002-05-20,4385.96
2002-05-21,4341.5
2002-05-22,4383.04
2002-05-23,4422.11
2002-05-24,4385.72
2002-05-28,4344.56
2002-05-29,4314.45
2002-05-30,4302.51
2002-05-31,4312.65
2002-06-03,4213.53
2002-06-04,4206.86
2002-06-05,4230.65
2002-06-06,4162.12
2002-06-07,4163.29
2002-06-10,4195.67
2002-06-11,4155.16
2002-06-12,4189.12
2002-06-13,4166.51
2002-06-14,4142.4
2002-06-17,4226.77
2002-06-18,4242.08
2002-06-19,4208.67
2002-06-20,4160.01
2002-06-21,4118.23
2002-06-24,4104.65
2002-06-25,4023.54
2002-06-26,4019.92
2002-06-27,4078.12
2002-06-28,4099.19
2002-07-01,4040.24
2002-07-02,3968.52
2002-07-03,3966.18
2002-07-05,4072.64
2002-07-08,4028.36
2002-07-09,3946.09
2002-07-10,3820.45
2002-07-11,3827.36
2002-07-12,3763.91
2002-07-15,3747.55
2002-07-16,3685.05
2002-07-17,3688.5
2002-07-18,3626.53
2002-07-19,3477.59
2002-07-22,3370.84
2002-07-23,3268.22
2002-07-24,3447.68
2002-07-25,3496.07
2002-07-26,3517.49
2002-07-29,3683.76
2002-07-30,3725.83
2002-07-31,3738.27
2002-08-01,3639.92
2002-08-02,3540.11
2002-08-05,3443.9
2002-08-06,3561.46
2002-08-07,3625.85
2002-08-08,3720.22
2002-08-09,3739.75
2002-08-12,3721.44
2002-08-13,3637.31
2002-08-14,3740.43
2002-08-15,3764.65
2002-08-16,3752.47
2002-08-19,3822.57
2002-08-20,3788.85
2002-08-21,3863.46
2002-08-22,3910.72
2002-08-23,3829.26
2002-08-26,3867.17
2002-08-27,3817.42
2002-08-28,3756.79
2002-08-29,3715.49
2002-08-30,3710.65
2002-09-03,3594.17
2002-09-04,3645.08
2002-09-05,3570.19
2002-09-06,3627.63
2002-09-09,3651.86
2002-09-10,3665.35
2002-09-11,3666.17
2002-09-12,3579.29
2002-09-13,3570.83
2002-09-16,3571.43
2002-09-17,3493.94
2002-09-18,3491.38
2002-09-19,3421.56
2002-09-20,3429.74
2002-09-23,3370.96
2002-09-24,3295.73
2002-09-25,3375.64
2002-09-26,3478.39
2002-09-27,3360.65
2002-09-30,3324.75
2002-10-01,3448.95
2002-10-02,3360.07
2002-10-03,3355.28
2002-10-04,3261.99
2002-10-07,3195.99
2002-10-08,3201.5
2002-10-09,3057.26
2002-10-10,3190.67
2002-10-11,3298.17
2002-10-14,3285.25
2002-10-15,3430.9
2002-10-16,3321.06
2002-10-17,3418.15
2002-10-18,3438.04
2002-10-21,3542.99
2002-10-22,3501.66
2002-10-23,3537.97
2002-10-24,3480.19
2002-10-25,3525.72
2002-10-28,3507.04
2002-10-29,3496.11
2002-10-30,3536.46
2002-10-31,3521.69
2002-11-01,3576.52
2002-11-04,3617.11
2002-11-05,3649.81
2002-11-06,3707.42
2002-11-07,3617.07
2002-11-08,3585.09
2002-11-11,3509.51
2002-11-12,3508.62
2002-11-13,3525.75
2002-11-14,3589.56
2002-11-15,3608.88
2002-11-18,3564.15
2002-11-19,3551.13
2002-11-20,3598.13
2002-11-21,3674.12
2002-11-22,3677.52
2002-11-25,3694.04
2002-11-26,3616.12
2002-11-27,3724.04
2002-11-29,3711.95
2002-12-02,3703.02
2002-12-03,3666.5
2002-12-04,3654.59
2002-12-05,3624.06
2002-12-06,3648.75
2002-12-09,3584.96
2002-12-10,3629.59
2002-12-11,3638.54
2002-12-12,3624.7
2002-12-13,3599.85
2002-12-16,3670.28
2002-12-17,3646.94
2002-12-18,3610.63
2002-12-19,3589.38
2002-12-20,3641.35
2002-12-23,3631.03
2002-12-24,3615.89
2002-12-26,3619.41
2002-12-27,3570.29
2002-12-30,3587.45
2002-12-31,3593.69
2003-01-02,3698.02
2003-01-03,3697.63
2003-01-06,3791.66
2003-01-07,3757.8
2003-01-08,3714.67
2003-01-09,3776.44
2003-01-10,3767.08
2003-01-13,3752.04
2003-01-14,3767.33
2003-01-15,3726.79
2003-01-16,3725.23
2003-01-17,3680.87
2003-01-21,3609.0
2003-01-22,3547.02
2003-01-23,3572.86
2003-01-24,3473.03
2003-01-27,3408.97
2003-01-28,3459.44
2003-01-29,3462.99
2003-01-30,3401.06
2003-01-31,3450.85
2003-02-03,3464.26
2003-02-04,3427.33
2003-02-05,3418.71
2003-02-06,3413.42
2003-02-07,3370.86
2003-02-10,3390.21
2003-02-11,3353.65
2003-02-12,3305.76
2003-02-13,3302.94
2003-02-14,3361.58
2003-02-18,3415.87
2003-02-19,3389.27
2003-02-20,3365.39
2003-02-21,3401.81
2003-02-24,3327.9
2003-02-25,3353.55
2003-02-26,3316.64
2003-02-27,3341.31
2003-02-28,3345.25
2003-03-03,3343.55
2003-03-04,3291.79
2003-03-05,3318.99
2003-03-06,3289.59
2003-03-07,3316.1
2003-03-10,3237.34
2003-03-11,3209.41
2003-03-12,3223.89
2003-03-13,3321.22
2003-03-14,3337.13
2003-03-17,3446.32
2003-03-18,3481.41
2003-03-19,3507.6
2003-03-20,3525.43
2003-03-21,3629.22
2003-03-24,3508.55
2003-03-25,3542.03
2003-03-26,3524.43
2003-03-27,3513.54
2003-03-28,3492.94
2003-03-31,3438.47
2003-04-01,3471.73
2003-04-02,3549.85
2003-04-03,3517.69
2003-04-04,3543.65
2003-04-07,3564.52
2003-04-08,3550.29
2003-04-09,3518.62
2003-04-10,3531.85
2003-04-11,3525.66
2003-04-14,3585.92
2003-04-15,3642.05
2003-04-16,3596.91
2003-04-17,3631.66
2003-04-21,3618.15
2003-04-22,3685.56
2003-04-23,3701.51
2003-04-24,3690.38
2003-04-25,3647.22
2003-04-28,3716.34
2003-04-29,3723.65
2003-04-30,3723.52
2003-05-01,3710.4
2003-05-02,3769.86
2003-05-05,3764.63
2003-05-06,3784.22
2003-05-07,3764.86
2003-05-08,3736.75
2003-05-09,3781.62
2003-05-12,3825.47
2003-05-13,3809.76
2003-05-14,3798.25
2003-05-15,3818.11
2003-05-16,3816.49
2003-05-19,3736.42
2003-05-20,3742.74
2003-05-21,3745.61
2003-05-22,3780.53
2003-05-23,3814.04
2003-05-27,3883.61
2003-05-28,3880.28
2003-05-29,3851.49
2003-05-30,3921.94
2003-06-02,3950.31
2003-06-03,3960.32
2003-06-04,4014.91
2003-06-05,3988.64
2003-06-06,3976.47
2003-06-09,3940.66
2003-06-10,3967.79
2003-06-11,4017.12
2003-06-12,4039.44
2003-06-13,3990.23
2003-06-16,4074.28
2003-06-17,4062.87
2003-06-18,4055.45
2003-06-19,4018.38
2003-06-20,4022.23
2003-06-23,3962.5
2003-06-24,3966.52
2003-06-25,3928.81
2003-06-26,3972.86
2003-06-27,3945.58
2003-06-30,3947.38
2003-07-01,3960.99
2003-07-02,3996.86
2003-07-03,3965.92
2003-07-07,4019.33
2003-07-08,4058.31
2003-07-09,4034.62
2003-07-10,3981.1
2003-07-11,4009.96
2003-07-14,4034.24
2003-07-15,4012.67
2003-07-16,4002.77
2003-07-17,3967.54
2003-07-18,4026.58
2003-07-21,3990.39
2003-07-22,4020.23
2003-07-23,4021.22
2003-07-24,4011.13
2003-07-25,4066.21
2003-07-28,4059.34
2003-07-29,4042.09
2003-07-30,4035.75
2003-07-31,4053.57
2003-08-01,4018.81
2003-08-04,4019.79
2003-08-05,3959.47
2003-08-06,3968.94
2003-08-07,3995.77
2003-08-08,4028.27
2003-08-11,4038.11
2003-08-12,4078.21
2003-08-13,4066.58
2003-08-14,4085.62
2003-08-15,4088.1
2003-08-18,4115.1
2003-08-19,4127.69
2003-08-20,4130.04
2003-08-21,4145.96
2003-08-22,4101.98
2003-08-25,4096.06
2003-08-26,4105.31
2003-08-27,4102.95
2003-08-28,4127.58
2003-08-29,4146.59
2003-09-02,4210.38
2003-09-03,4232.9
2003-09-04,4235.46
2003-09-05,4207.95
2003-09-08,4241.86
2003-09-09,4205.51
2003-09-10,4175.7
2003-09-11,4196.41
2003-09-12,4204.78
2003-09-15,4193.68
2003-09-16,4245.84
2003-09-17,4231.87
2003-09-18,4298.51
2003-09-19,4285.37
2003-09-22,4244.99
2003-09-23,4265.75
2003-09-24,4197.45
2003-09-25,4160.19
2003-09-26,4147.24
2003-09-29,4191.84
2003-09-30,4146.65
2003-10-01,4227.64
2003-10-02,4236.87
2003-10-03,4274.11
2003-10-06,4286.65
2003-10-07,4299.41
2003-10-08,4289.69
2003-10-09,4329.58
2003-10-10,4315.28
2003-10-13,4361.18
2003-10-14,4379.33
2003-10-15,4361.74
2003-10-16,4365.75
2003-10-17,4334.76
2003-10-20,4353.89
2003-10-21,4351.85
2003-10-22,4295.98
2003-10-23,4302.94
2003-10-24,4295.26
2003-10-27,4305.64
2003-10-28,4357.45
2003-10-29,4373.73
2003-10-30,4390.26
2003-10-31,4386.26
2003-11-03,4420.01
2003-11-04,4407.3
2003-11-05,4401.11
2003-11-06,4429.37
2003-11-07,4411.74
2003-11-10,4388.57
2003-11-11,4373.08
2003-11-12,4413.74
2003-11-13,4407.63
2003-11-14,4381.19
2003-11-17,4345.49
2003-11-18,4304.79
2003-11-19,4330.82
2003-11-20,4306.28
2003-11-21,4304.81
2003-11-24,4363.59
2003-11-25,4381.97
2003-11-26,4389.53
2003-11-28,4391.41
2003-12-01,4444.22
2003-12-02,4422.99
2003-12-03,4427.78
2003-12-04,4446.45
2003-12-05,4419.23
2003-12-08,4458.38
2003-12-09,4435.59
2003-12-10,4433.61
2003-12-11,4480.84
2003-12-12,4496.78
2003-12-15,4479.05
2003-12-16,4516.29
2003-12-17,4525.98
2003-12-18,4570.71
2003-12-19,4580.63
2003-12-22,4608.84
2003-12-23,4614.98
2003-12-24,4599.01
2003-12-26,4607.12
2003-12-29,4661.72
2003-12-30,4651.89
2003-12-31,4650.39
2004-01-02,4639.55
2004-01-05,4681.26
2004-01-06,4681.46
2004-01-07,4684.06
2004-01-08,4698.61
2004-01-09,4645.98
2004-01-12,4662.83
2004-01-13,4647.19
2004-01-14,4687.17
2004-01-15,4679.67
2004-01-16,4700.51
2004-01-20,4680.22
2004-01-21,4737.02
2004-01-22,4743.22
2004-01-23,4722.5
2004-01-26,4749.02
2004-01-27,4712.37
2004-01-28,4655.9
2004-01-29,4672.62
2004-01-30,4629.67
2004-02-02,4623.01
2004-02-03,4622.19
2004-02-04,4592.12
2004-02-05,4597.59
2004-02-06,4653.41
2004-02-09,4657.06
2004-02-10,4680.13
2004-02-11,4728.3
2004-02-12,4713.51
2004-02-13,4680.63
2004-02-17,4712.83
2004-02-18,4700.19
2004-02-19,4691.69
2004-02-20,4673.42
2004-02-23,4660.66
2004-02-24,4648.21
2004-02-25,4668.87
2004-02-26,4676.3
2004-02-27,4691.95
2004-03-01,4726.98
2004-03-02,4694.96
2004-03-03,4691.85
2004-03-04,4690.61
2004-03-05,4702.96
2004-03-08,4673.39
2004-03-09,4641.73
2004-03-10,4574.18
2004-03-11,4524.52
2004-03-12,4585.88
2004-03-15,4521.57
2004-03-16,4545.77
2004-03-17,4615.52
2004-03-18,4604.54
2004-03-19,4555.32
2004-03-22,4500.69
2004-03-23,4505.72
2004-03-24,4501.2
2004-03-25,4574.79
2004-03-26,4577.27
2004-03-29,4632.02
2004-03-30,4648.77
2004-03-31,4649.67
2004-04-01,4668.74
2004-04-02,4710.54
2004-04-05,4729.31
2004-04-06,4741.28
2004-04-07,4702.8
2004-04-08,4681.44
2004-04-12,4688.25
2004-04-13,4623.15
2004-04-14,4626.99
2004-04-15,4640.28
2004-04-16,4669.2
2004-04-19,4655.87
2004-04-20,4612.85
2004-04-21,4631.69
2004-04-22,4701.43
2004-04-23,4701.59
2004-04-26,4690.29
2004-04-27,4699.24
2004-04-28,4656.36
2004-04-29,4612.14
2004-04-30,4593.99
2004-05-03,4635.07
2004-05-04,4635.94
2004-05-05,4632.65
2004-05-06,4613.43
2004-05-07,4534.56
2004-05-10,4475.89
2004-05-11,4492.06
2004-05-12,4505.23
2004-05-13,4504.33
2004-05-14,4506.97
2004-05-17,4455.7
2004-05-18,4494.23
2004-05-19,4480.89
2004-05-20,4482.2
2004-05-21,4502.47
2004-05-24,4512.88
2004-05-25,4594.47
2004-05-26,4596.19
2004-05-27,4631.5
2004-05-28,4628.34
2004-06-01,4635.15
2004-06-02,4668.95
2004-06-03,4627.28
2004-06-04,4653.23
2004-06-07,4719.47
2004-06-08,4738.07
2004-06-09,4695.42
2004-06-10,4709.98
2004-06-14,4675.93
2004-06-15,4710.62
2004-06-16,4722.52
2004-06-17,4727.29
2004-06-18,4744.18
2004-06-21,4736.25
2004-06-22,4747.1
2004-06-23,4800.48
2004-06-24,4787.64
2004-06-25,4780.81
2004-06-28,4783.72
2004-06-29,4793.19
2004-06-30,4810.96
2004-07-01,4765.73
2004-07-02,4749.1
2004-07-06,4719.8
2004-07-07,4741.6
2004-07-08,4689.82
2004-07-09,4702.35
2004-07-12,4713.57
2004-07-13,4710.86
2004-07-14,4711.36
2004-07-15,4717.11
2004-07-16,4702.62
2004-07-19,4702.2
2004-07-20,4740.09
2004-07-21,4670.9
2004-07-22,4653.53
2004-07-23,4623.96
2004-07-26,4623.32
2004-07-27,4661.47
2004-07-28,4685.13
2004-07-29,4713.51
2004-07-30,4712.45
2004-08-02,4736.12
2004-08-03,4717.43
2004-08-04,4723.47
2004-08-05,4648.73
2004-08-06,4580.96
2004-08-09,4577.7
2004-08-10,4646.68
2004-08-11,4654.5
2004-08-12,4598.01
2004-08-13,4585.99
2004-08-16,4660.9
2004-08-17,4661.57
2004-08-18,4722.47
2004-08-19,4688.37
2004-08-20,4724.49
2004-08-23,4702.3
2004-08-24,4722.99
2004-08-25,4753.1
2004-08-26,4747.93
2004-08-27,4753.79
2004-08-30,4726.97
2004-08-31,4759.26
2004-09-01,4761.32
2004-09-02,4821.56
2004-09-03,4803.46
2004-09-07,4845.89
2004-09-08,4833.74
2004-09-09,4833.78
2004-09-10,4855.13
2004-09-13,4851.87
2004-09-14,4853.95
2004-09-15,4829.23
2004-09-16,4847.85
2004-09-17,4871.62
2004-09-20,4843.07
2004-09-21,4868.86
2004-09-22,4798.56
2004-09-23,4767.57
2004-09-24,4781.26
2004-09-27,4758.59
2004-09-28,4799.78
2004-09-29,4824.54
2004-09-30,4814.5
2004-10-01,4875.35
2004-10-04,4892.99
2004-10-05,4892.27
2004-10-06,4936.51
2004-10-07,4880.82
2004-10-08,4863.5
2004-10-11,4870.63
2004-10-12,4876.88
2004-10-13,4824.58
2004-10-14,4805.78
2004-10-15,4844.15
2004-10-18,4862.05
2004-10-19,4826.34
2004-10-20,4845.08
2004-10-21,4858.64
2004-10-22,4814.37
2004-10-25,4836.5
2004-10-26,4907.58
2004-10-27,4947.26
2004-10-28,4949.79
2004-10-29,4967.32
2004-11-01,4980.08
2004-11-02,4936.04
2004-11-03,4999.91
2004-11-04,5094.93
2004-11-05,5113.13
2004-11-08,5127.94
2004-11-09,5130.13
2004-11-10,5127.33
2004-11-11,5180.45
2004-11-12,5214.39
2004-11-15,5205.67
2004-11-16,5173.26
2004-11-17,5194.12
2004-11-18,5202.57
2004-11-19,5152.38
2004-11-22,5195.87
2004-11-23,5205.91
2004-11-24,5228.46
2004-11-26,5231.65
2004-11-29,5212.21
2004-11-30,5189.56
2004-12-01,5253.73
2004-12-02,5237.38
2004-12-03,5244.15
2004-12-06,5232.54
2004-12-07,5181.02
2004-12-08,5216.13
2004-12-09,5226.55
2004-12-10,5217.04
2004-12-13,5274.43
2004-12-14,5299.77
2004-12-15,5311.77
2004-12-16,5305.09
2004-12-17,5300.92
2004-12-20,5307.74
2004-12-21,5365.78
2004-12-22,5383.66
2004-12-23,5384.15
2004-12-27,5350.19
2004-12-28,5401.21
2004-12-29,5395.52
2004-12-30,5389.56
2004-12-31,5374.91
2005-01-03,5332.39
2005-01-04,5266.32
2005-01-05,5238.39
2005-01-06,5253.52
2005-01-07,5231.99
2005-01-10,5255.47
2005-01-11,5226.05
2005-01-12,5221.84
2005-01-13,5178.21
2005-01-14,5214.44
2005-01-18,5250.8
2005-01-19,5210.9
2005-01-20,5171.46
2005-01-21,5130.13
2005-01-24,5124.98
2005-01-25,5173.01
2005-01-26,5202.38
2005-01-27,5208.35
2005-01-28,5194.96
2005-01-31,5245.05
2005-02-01,5269.84
2005-02-02,5288.58
2005-02-03,5281.89
2005-02-04,5333.65
2005-02-07,5332.44
2005-02-08,5343.67
2005-02-09,5310.03
2005-02-10,5334.2
2005-02-11,5366.82
2005-02-14,5365.54
2005-02-15,5382.76
2005-02-16,5395.78
2005-02-17,5366.39
2005-02-18,5369.45
2005-02-22,5262.32
2005-02-23,5318.95
2005-02-24,5378.91
2005-02-25,5438.74
2005-02-28,5414.73
2005-03-01,5445.57
2005-03-02,5441.15
2005-03-03,5454.42
2005-03-04,5532.7
2005-03-07,5557.22
2005-03-08,5542.04
2005-03-09,5481.08
2005-03-10,5491.86
2005-03-11,5472.1
2005-03-14,5509.96
2005-03-15,5473.03
2005-03-16,5411.95
2005-03-17,5428.73
2005-03-18,5416.07
2005-03-21,5398.21
2005-03-22,5354.82
2005-03-23,5332.07
2005-03-24,5349.94
2005-03-28,5360.66
2005-03-29,5298.03
2005-03-30,5374.36
2005-03-31,5367.78
2005-04-01,5335.67
2005-04-04,5352.35
2005-04-05,5375.0
2005-04-06,5376.44
2005-04-07,5403.44
2005-04-08,5319.15
2005-04-11,5334.59
2005-04-12,5375.87
2005-04-13,5299.65
2005-04-14,5210.12
2005-04-15,5115.57
2005-04-18,5127.56
2005-04-19,5175.29
2005-04-20,5113.33
2005-04-21,5231.28
2005-04-22,5188.75
2005-04-25,5233.33
2005-04-26,5169.66
2005-04-27,5195.84
2005-04-28,5147.71
2005-04-29,5209.58
2005-05-02,5254.54
2005-05-03,5234.32
2005-05-04,5294.23
2005-05-05,5277.55
2005-05-06,5277.22
2005-05-09,5307.01
2005-05-10,5247.23
2005-05-11,5275.04
2005-05-12,5195.73
2005-05-13,5144.71
2005-05-16,5208.87
2005-05-17,5261.95
2005-05-18,5341.25
2005-05-19,5361.88
2005-05-20,5357.41
2005-05-23,5368.23
2005-05-24,5366.36
2005-05-25,5338.83
2005-05-26,5377.53
2005-05-27,5378.88
2005-05-31,5349.81
2005-06-01,5398.1
2005-06-02,5405.33
2005-06-03,5374.78
2005-06-06,5379.77
2005-06-07,5378.59
2005-06-08,5347.04
2005-06-09,5352.53
2005-06-10,5358.47
2005-06-13,5368.51
2005-06-14,5373.19
2005-06-15,5379.82
2005-06-16,5397.15
2005-06-17,5433.62
2005-06-20,5424.95
2005-06-21,5421.29
2005-06-22,5427.86
2005-06-23,5343.16
2005-06-24,5283.23
2005-06-27,5279.63
2005-06-28,5358.1
2005-06-29,5362.5
2005-06-30,5329.77
2005-07-01,5358.44
2005-07-05,5387.01
2005-07-06,5334.26
2005-07-07,5352.25
2005-07-08,5431.97
2005-07-11,5476.7
2005-07-12,5470.24
2005-07-13,5488.37
2005-07-14,5515.64
2005-07-15,5511.93
2005-07-18,5487.43
2005-07-19,5512.78
2005-07-20,5589.0
2005-07-21,5554.44
2005-07-22,5574.23
2005-07-25,5536.73
2005-07-26,5537.33
2005-07-27,5566.49
2005-07-28,5619.95
2005-07-29,5596.49
2005-08-01,5580.45
2005-08-02,5631.55
2005-08-03,5639.58
2005-08-04,5593.49
2005-08-05,5543.57
2005-08-08,5513.27
2005-08-09,5551.99
2005-08-10,5554.42
2005-08-11,5599.48
2005-08-12,5567.65
2005-08-15,5587.04
2005-08-16,5513.64
2005-08-17,5531.19
2005-08-18,5529.52
2005-08-19,5544.67
2005-08-22,5557.21
2005-08-23,5524.19
2005-08-24,5501.51
2005-08-25,5533.47
2005-08-26,5500.48
2005-08-29,5534.5
2005-08-30,5506.86
2005-08-31,5554.31
2005-09-01,5572.51
2005-09-02,5555.06
2005-09-06,5625.56
2005-09-07,5637.05
2005-09-08,5599.63
2005-09-09,5624.35
2005-09-12,5635.76
2005-09-13,5580.99
2005-09-14,5573.13
2005-09-15,5595.84
2005-09-16,5648.38
2005-09-19,5610.68
2005-09-20,5579.66
2005-09-21,5544.31
2005-09-22,5551.24
2005-09-23,5558.81
2005-09-26,5573.15
2005-09-27,5582.42
2005-09-28,5618.82
2005-09-29,5680.24
2005-09-30,5692.59
2005-10-03,5699.03
2005-10-04,5631.56
2005-10-05,5524.69
2005-10-06,5509.38
2005-10-07,5540.09
2005-10-10,5496.5
2005-10-11,5517.3
2005-10-12,5454.79
2005-10-13,5402.42
2005-10-14,5458.23
2005-10-17,5496.21
2005-10-18,5429.07
2005-10-19,5484.21
2005-10-20,5409.64
2005-10-21,5411.11
2005-10-24,5533.03
2005-10-25,5536.98
2005-10-26,5511.35
2005-10-27,5439.42
2005-10-28,5541.5
2005-10-31,5600.43
2005-11-01,5570.17
2005-11-02,5635.01
2005-11-03,5674.62
2005-11-04,5655.06
2005-11-07,5694.36
2005-11-08,5675.96
2005-11-09,5704.48
2005-11-10,5733.99
2005-11-11,5748.86
2005-11-14,5741.56
2005-11-15,5720.27
2005-11-16,5726.57
2005-11-17,5794.01
2005-11-18,5829.64
2005-11-21,5854.18
2005-11-22,5881.45
2005-11-23,5903.31
2005-11-25,5915.46
2005-11-28,5872.61
2005-11-29,5881.83
2005-11-30,5844.13
2005-12-01,5900.79
2005-12-02,5882.45
2005-12-05,5852.09
2005-12-06,5877.13
2005-12-07,5848.3
2005-12-08,5839.93
2005-12-09,5865.1
2005-12-12,5851.66
2005-12-13,5880.11
2005-12-14,5920.36
2005-12-15,5937.85
2005-12-16,5934.58
2005-12-19,5891.76
2005-12-20,5884.77
2005-12-21,5921.56
2005-12-22,5968.22
2005-12-23,5978.09
2005-12-27,5919.99
2005-12-28,5923.58
2005-12-29,5927.48
2005-12-30,5884.79
2006-01-03,5944.57
2006-01-04,5978.63
2006-01-05,5962.59
2006-01-06,5987.33
2006-01-09,6006.08
2006-01-10,5998.68
2006-01-11,5993.94
2006-01-12,5950.59
2006-01-13,5958.46
2006-01-17,5932.52
2006-01-18,5939.59
2006-01-19,6005.32
2006-01-20,5906.55
2006-01-23,5921.27
2006-01-24,5983.05
2006-01-25,5947.42
2006-01-26,5991.79
2006-01-27,6022.56
2006-01-30,6034.54
2006-01-31,6032.03
2006-02-01,6036.03
2006-02-02,5974.47
2006-02-03,5943.85
2006-02-06,5964.12
2006-02-07,5914.33
2006-02-08,5964.16
2006-02-09,5986.73
2006-02-10,6005.32
2006-02-13,5986.92
2006-02-14,6070.94
2006-02-15,6097.57
2006-02-16,6110.09
2006-02-17,6113.84
2006-02-21,6102.21
2006-02-22,6151.67
2006-02-23,6120.47
2006-02-24,6126.27
2006-02-27,6172.12
2006-02-28,6111.72
2006-03-01,6161.74
2006-03-02,6139.19
2006-03-03,6151.52
2006-03-06,6086.08
2006-03-07,6070.67
2006-03-08,6074.47
2006-03-09,6056.58
2006-03-10,6108.78
2006-03-13,6112.84
2006-03-14,6165.46
2006-03-15,6230.7
2006-03-16,6232.51
2006-03-17,6238.12
2006-03-20,6234.02
2006-03-21,6198.69
2006-03-22,6251.37
2006-03-23,6194.55
2006-03-24,6196.38
2006-03-27,6192.27
2006-03-28,6148.97
2006-03-29,6192.26
2006-03-30,6152.7
2006-03-31,6140.54
2006-04-03,6178.89
2006-04-04,6235.65
2006-04-05,6277.55
2006-04-06,6257.61
2006-04-07,6194.04
2006-04-10,6194.92
2006-04-11,6147.88
2006-04-12,6165.07
2006-04-13,6166.82
2006-04-17,6123.81
2006-04-18,6254.53
2006-04-19,6272.98
2006-04-20,6290.32
2006-04-21,6297.52
2006-04-24,6315.29
2006-04-25,6277.0
2006-04-26,6279.34
2006-04-27,6288.02
2006-04-28,6282.92
2006-05-01,6268.99
2006-05-02,6343.51
2006-05-03,6346.77
2006-05-04,6430.66
2006-05-05,6516.29
2006-05-08,6509.97
2006-05-09,6537.76
2006-05-10,6546.79
2006-05-11,6477.39
2006-05-12,6387.3
2006-05-15,6406.84
2006-05-16,6377.68
2006-05-17,6243.15
2006-05-18,6205.17
2006-05-19,6219.24
2006-05-22,6234.12
2006-05-23,6194.02
2006-05-24,6196.69
2006-05-25,6255.27
2006-05-26,6300.91
2006-05-30,6197.41
2006-05-31,6279.66
2006-06-01,6354.16
2006-06-02,6372.65
2006-06-05,6242.37
2006-06-06,6223.92
2006-06-07,6178.71
2006-06-08,6180.62
2006-06-09,6169.87
2006-06-12,6106.98
2006-06-13,6061.08
2006-06-14,6095.1
2006-06-15,6244.8
2006-06-16,6243.87
2006-06-19,6194.61
2006-06-20,6217.53
2006-06-21,6307.99
2006-06-22,6273.65
2006-06-23,6287.87
2006-06-26,6307.89
2006-06-27,6241.0
2006-06-28,6272.75
2006-06-29,6415.64
2006-06-30,6425.9
2006-07-03,6481.69
2006-07-05,6429.33
2006-07-06,6428.07
2006-07-07,6382.31
2006-07-10,6400.69
2006-07-11,6416.01
2006-07-12,6342.19
2006-07-13,6236.58
2006-07-14,6180.28
2006-07-17,6176.44
2006-07-18,6208.42
2006-07-19,6325.31
2006-07-20,6214.15
2006-07-21,6184.92
2006-07-24,6296.14
2006-07-25,6278.68
2006-07-26,6228.86
2006-07-27,6191.9
2006-07-28,6280.28
2006-07-31,6251.67
2006-08-01,6211.88
2006-08-02,6246.22
2006-08-03,6301.83
2006-08-04,6271.16
2006-08-07,6226.13
2006-08-08,6212.06
2006-08-09,6133.16
2006-08-10,6170.32
2006-08-11,6126.57
2006-08-14,6145.25
2006-08-15,6245.95
2006-08-16,6321.2
2006-08-17,6312.36
2006-08-18,6334.53
2006-08-21,6286.74
2006-08-22,6297.84
2006-08-23,6260.03
2006-08-24,6248.46
2006-08-25,6249.05
2006-08-28,6299.64
2006-08-29,6303.42
2006-08-30,6286.79
2006-08-31,6308.54
2006-09-01,6339.19
2006-09-05,6328.63
2006-09-06,6269.05
2006-09-07,6246.95
2006-09-08,6248.57
2006-09-11,6257.76
2006-09-12,6335.79
2006-09-13,6392.53
2006-09-14,6365.78
2006-09-15,6363.86
2006-09-18,6372.11
2006-09-19,6360.48
2006-09-20,6377.48
2006-09-21,6322.96
2006-09-22,6306.46
2006-09-25,6350.08
2006-09-26,6427.11
2006-09-27,6460.96
2006-09-28,6457.3
2006-09-29,6426.96
2006-10-02,6422.35
2006-10-03,6455.93
2006-10-04,6539.63
2006-10-05,6571.69
2006-10-06,6529.21
2006-10-09,6535.64
2006-10-10,6575.95
2006-10-11,6552.23
2006-10-12,6606.19
2006-10-13,6616.57
2006-10-16,6657.88
2006-10-17,6622.69
2006-10-18,6626.27
2006-10-19,6670.62
2006-10-20,6688.97
2006-10-23,6713.96
2006-10-24,6737.47
2006-10-25,6773.16
2006-10-26,6777.93
2006-10-27,6731.75
2006-10-30,6747.06
2006-10-31,6721.97
2006-11-01,6699.96
2006-11-02,6675.28
2006-11-03,6642.53
2006-11-06,6703.55
2006-11-07,6725.97
2006-11-08,6749.67
2006-11-09,6712.14
2006-11-10,6745.78
2006-11-13,6773.41
2006-11-14,6795.53
2006-11-15,6830.14
2006-11-16,6871.85
2006-11-17,6867.92
2006-11-20,6851.74
2006-11-21,6863.59
2006-11-22,6875.52
2006-11-24,6855.04
2006-11-27,6775.81
2006-11-28,6772.8
2006-11-29,6810.0
2006-11-30,6808.09
2006-12-01,6797.24
2006-12-04,6848.21
2006-12-05,6886.06
2006-12-06,6854.97
2006-12-07,6841.93
2006-12-08,6831.16
2006-12-11,6850.86
2006-12-12,6825.76
2006-12-13,6822.52
2006-12-14,6884.24
2006-12-15,6874.79
2006-12-18,6843.96
2006-12-19,6852.02
2006-12-20,6819.46
2006-12-21,6786.36
2006-12-22,6749.35
2006-12-26,6788.22
2006-12-27,6844.31
2006-12-28,6835.4
2006-12-29,6809.36
2007-01-03,6856.95
2007-01-04,6862.14
2007-01-05,6788.2
2007-01-08,6800.3
2007-01-09,6805.9
2007-01-10,6818.65
2007-01-11,6859.23
2007-01-12,6891.14
2007-01-16,6947.22
2007-01-17,6926.27
2007-01-18,6926.72
2007-01-19,6948.69
2007-01-22,6901.78
2007-01-23,6930.12
2007-01-24,6962.93
2007-01-25,6892.49
2007-01-26,6872.85
2007-01-29,6895.66
2007-01-30,6922.78
2007-01-31,7010.85
2007-02-01,7074.42
2007-02-02,7083.32
2007-02-05,7081.43
2007-02-06,7094.19
2007-02-07,7105.62
2007-02-08,7093.82
2007-02-09,7066.89
2007-02-12,7067.53
2007-02-13,7136.73
2007-02-14,7216.23
2007-02-15,7209.61
2007-02-16,7212.8
2007-02-20,7243.11
2007-02-21,7240.56
2007-02-22,7225.81
2007-02-23,7228.35
2007-02-26,7209.08
2007-02-27,6974.98
2007-02-28,6989.93
2007-03-01,6981.7
2007-03-02,6895.71
2007-03-05,6835.04
2007-03-06,6917.31
2007-03-07,6926.93
2007-03-08,6961.54
2007-03-09,6971.82
2007-03-12,7009.46
2007-03-13,6866.24
2007-03-14,6885.92
2007-03-15,6927.37
2007-03-16,6915.45
2007-03-19,6970.71
2007-03-20,7029.77
2007-03-21,7113.64
2007-03-22,7118.03
2007-03-23,7167.25
2007-03-26,7145.16
2007-03-27,7096.55
2007-03-28,7044.62
2007-03-29,7067.62
2007-03-30,7062.93
2007-04-02,7104.53
2007-04-03,7178.26
2007-04-04,7173.14
2007-04-05,7200.99
2007-04-09,7255.93
2007-04-10,7255.56
2007-04-11,7213.65
2007-04-12,7263.15
2007-04-13,7268.22
2007-04-16,7336.24
2007-04-17,7353.17
2007-04-18,7400.57
2007-04-19,7397.69
2007-04-20,7472.75
2007-04-23,7451.7
2007-04-24,7456.47
2007-04-25,7557.89
2007-04-26,7520.18
2007-04-27,7490.6
2007-04-30,7420.3
2007-05-01,7455.07
2007-05-02,7508.4
2007-05-03,7544.92
2007-05-04,7561.41
2007-05-07,7586.47
2007-05-08,7603.64
2007-05-09,7623.85
2007-05-10,7519.64
2007-05-11,7584.84
2007-05-15,7594.62
2007-05-16,7677.15
2007-05-17,7667.63
2007-05-18,7695.88
2007-05-21,7694.64
2007-05-22,7684.89
2007-05-23,7664.04
2007-05-24,7568.22
2007-05-25,7589.31
2007-05-29,7630.16
2007-05-30,7689.18
2007-05-31,7720.16
2007-06-01,7738.35
2007-06-04,7721.1
2007-06-05,7657.95
2007-06-06,7562.36
2007-06-07,7401.25
2007-06-08,7494.69
2007-06-11,7494.04
2007-06-12,7392.92
2007-06-13,7516.6
2007-06-14,7576.67
2007-06-15,7634.26
2007-06-18,7591.75
2007-06-19,7597.22
2007-06-20,7505.66
2007-06-21,7554.45
2007-06-22,7456.97
2007-06-25,7472.14
2007-06-26,7444.17
2007-06-27,7519.35
2007-06-28,7520.75
2007-06-29,7507.35
2007-07-02,7600.89
2007-07-03,7640.98
2007-07-05,7626.73
2007-07-06,7647.36
2007-07-09,7683.72
2007-07-10,7587.89
2007-07-11,7657.21
2007-07-12,7781.43
2007-07-13,7822.78
2007-07-16,7813.32
2007-07-17,7826.33
2007-07-18,7842.04
2007-07-19,7901.14
2007-07-20,7793.21
2007-07-23,7830.03
2007-07-24,7666.58
2007-07-25,7673.06
2007-07-26,7484.77
2007-07-27,7372.75
2007-07-30,7434.55
2007-07-31,7369.32
2007-08-01,7449.86
2007-08-02,7503.7
2007-08-03,7286.46
2007-08-06,7457.75
2007-08-07,7517.72
2007-08-08,7606.51
2007-08-09,7410.39
2007-08-10,7392.22
2007-08-13,7424.11
2007-08-14,7259.78
2007-08-15,7123.08
2007-08-16,7106.7
2007-08-17,7254.59
2007-08-20,7308.44
2007-08-21,7295.52
2007-08-22,7397.48
2007-08-23,7367.08
2007-08-24,7441.6
2007-08-27,7353.43
2007-08-28,7199.18
2007-08-29,7350.13
2007-08-30,7298.31
2007-08-31,7377.9
2007-09-04,7449.98
2007-09-05,7355.02
2007-09-06,7392.75
2007-09-07,7251.93
2007-09-10,7242.58
2007-09-11,7345.49
2007-09-12,7330.79
2007-09-13,7401.9
2007-09-14,7412.15
2007-09-17,7370.42
2007-09-18,7578.27
2007-09-19,7607.27
2007-09-20,7534.02
2007-09-21,7562.99
2007-09-24,7521.89
2007-09-25,7543.43
2007-09-26,7594.33
2007-09-27,7600.71
2007-09-28,7567.75
2007-10-01,7676.16
2007-10-02,7669.16
2007-10-03,7613.16
2007-10-04,7625.73
2007-10-05,7733.03
2007-10-08,7695.2
2007-10-09,7773.69
2007-10-10,7710.82
2007-10-11,7679.6
2007-10-12,7728.42
2007-10-15,7658.54
2007-10-16,7609.69
2007-10-17,7623.28
2007-10-18,7631.59
2007-10-19,7445.77
2007-10-22,7488.25
2007-10-23,7563.04
2007-10-24,7550.91
2007-10-25,7550.19
2007-10-26,7628.4
2007-10-29,7647.78
2007-10-30,7625.75
2007-10-31,7720.98
2007-11-01,7526.26
2007-11-02,7555.05
2007-11-05,7543.45
2007-11-06,7593.58
2007-11-07,7388.36
2007-11-08,7426.85
2007-11-09,7316.56
2007-11-12,7270.88
2007-11-13,7422.38
2007-11-14,7385.91
2007-11-15,7338.96
2007-11-16,7330.95
2007-11-19,7223.87
2007-11-20,7246.43
2007-11-21,7142.4
2007-11-23,7238.76
2007-11-26,7131.08
2007-11-27,7240.25
2007-11-28,7427.91
2007-11-29,7408.65
2007-11-30,7475.49
2007-12-03,7457.17
2007-12-04,7451.99
2007-12-05,7564.15
2007-12-06,7658.66
2007-12-07,7705.72
2007-12-10,7752.72
2007-12-11,7554.6
2007-12-12,7572.13
2007-12-13,7612.42
2007-12-14,7501.95
2007-12-17,7419.23
2007-12-18,7469.12
2007-12-19,7413.77
2007-12-20,7424.67
2007-12-21,7522.12
2007-12-24,7578.94
2007-12-26,7562.67
2007-12-27,7464.92
2007-12-28,7482.03
2007-12-31,7414.29
2008-01-02,7287.01
2008-01-03,7274.55
2008-01-04,7140.04
2008-01-07,7202.46
2008-01-08,7065.14
2008-01-09,7132.06
2008-01-10,7209.66
2008-01-11,7088.24
2008-01-14,7187.1
2008-01-15,7061.36
2008-01-16,7042.49
2008-01-17,6847.54
2008-01-18,6826.96
2008-01-22,6736.34
2008-01-23,7007.66
2008-01-24,7006.2
2008-01-25,6936.03
2008-01-28,7028.04
2008-01-29,7086.07
2008-01-30,7091.31
2008-01-31,7247.47
2008-02-01,7321.36
2008-02-04,7278.83
2008-02-05,7096.81
2008-02-06,7087.4
2008-02-07,7130.33
2008-02-08,7083.2
2008-02-11,7128.32
2008-02-12,7172.44
2008-02-13,7251.47
2008-02-14,7155.0
2008-02-15,7150.51
2008-02-19,7142.77
2008-02-20,7189.06
2008-02-21,7102.73
2008-02-22,7144.04
2008-02-25,7244.35
2008-02-26,7318.81
2008-02-27,7263.59
2008-02-28,7187.53
2008-02-29,6996.04
2008-03-03,7025.87
2008-03-04,7046.74
2008-03-05,7090.66
2008-03-06,6934.56
2008-03-07,6870.92
2008-03-10,6773.57
2008-03-11,7027.4
2008-03-12,6961.59
2008-03-13,6997.91
2008-03-14,6895.1
2008-03-17,6884.4
2008-03-18,7141.17
2008-03-19,6961.04
2008-03-20,7107.14
2008-03-24,7229.11
2008-03-25,7240.45
2008-03-26,7170.51
2008-03-27,7126.86
2008-03-28,7077.86
2008-03-31,7121.17
2008-04-01,
2008-04-02,7360.95
2008-04-03,7373.97
2008-04-04,7367.2
2008-04-07,7374.02
2008-04-08,7365.98
2008-04-09,7270.18
2008-04-10,7311.08
2008-04-11,7216.67
2008-04-14,7220.25
2008-04-15,7272.25
2008-04-16,7465.56
2008-04-17,7424.72
2008-04-18,7548.8
2008-04-21,7509.55
2008-04-22,7436.21
2008-04-23,7452.48
2008-04-24,7519.71
2008-04-25,7567.74
2008-04-28,7581.51
2008-04-29,7582.01
2008-04-30,7559.28
2008-05-01,7717.15
2008-05-02,7732.09
2008-05-05,7676.48
2008-05-06,7728.68
2008-05-07,7572.82
2008-05-08,7603.64
2008-05-09,7555.58
2008-05-12,7638.4
2008-05-13,7633.38
2008-05-14,7693.25
2008-05-15,7746.05
2008-05-16,7737.52
2008-05-19,7779.35
2008-05-20,7708.76
2008-05-21,7590.15
2008-05-22,7603.43
2008-05-23,7484.98
2008-05-27,7568.16
2008-05-28,7611.88
2008-05-29,7681.8
2008-05-30,7690.14
2008-06-02,7606.19
2008-06-03,7561.04
2008-06-04,7592.13
2008-06-05,7720.94
2008-06-06,7457.54
2008-06-09,7532.79
2008-06-10,7521.31
2008-06-11,7337.24
2008-06-12,7373.78
2008-06-13,7478.9
2008-06-16,7470.43
2008-06-17,7415.81
2008-06-18,7378.61
2008-06-19,7482.97
